,N,ecData,ecW,bandwidth_size,export,bandwidth(MB/s),std
0,128000,3,8,h,,16788.912051723106,1189.085942017052
1,128000,4,8,h,,11339.8661448207,670.2335277930298
2,128000,5,8,h,,6687.1150063453715,254.6608993865837
3,128000,6,8,h,,6401.134827209153,199.86015833745208
4,128000,7,8,h,,5294.40095528197,136.02854164465205
5,128000,8,8,h,,4041.528293489255,126.49947721514306
6,128000,9,8,h,,3916.102818697847,58.78433035123175
7,128000,10,8,h,,3819.9102013464344,74.879895116448
