,ecParity,N,ecData,ecW,bandwidth(MB/s),bandwidth_o(MB/s),bandwidth_x(MB/s),bandwidth_76(MB/s),bandwidth_isa-l(MB/s)
0,3,129024,8,8,10078.403480994124,8068.142000795023,5481.916052485736,5544.030168383806,5482.825901
1,3,129024,9,8,8603.271449825315,7522.433760170713,5276.398096304089,5451.503659354875,4840.707104
2,3,129024,10,8,7835.02456030112,6510.78763515527,5237.483196634002,5462.46705860787,5438.962931
3,2,129024,8,8,7644.796035148268,6604.857556958048,8509.748096791325,8483.458747791903,7850.395816
4,2,129024,9,8,9907.784195956916,8053.8692410539525,8698.63471361893,8861.17769246977,7659.319003
5,2,129024,10,8,8445.486820807084,8202.546720456208,8785.767332537327,9068.68666898257,8158.335853
